{"cameraMode":{"drawMode":0,"name":"Shaded","section":"Shading Mode"},"sceneLighting":false,"audioPlay":false,"sceneViewState":{"showFog":true,"showMaterialUpdate":false,"showSkybox":true,"showFlares":true,"showImageEffects":true,"showParticleSystems":true},"in2DMode":false,"pivot":{"x":0.02278461866080761,"y":0.34371861815452578,"z":0.07258955389261246},"rotation":{"x":-0.3100385069847107,"y":0.020530540496110917,"z":-0.006697027012705803,"w":-0.950478732585907},"size":0.8172606825828552,"orthographic":false}