{"cameraMode":{"drawMode":0,"name":"Shaded","section":"Shading Mode"},"sceneLighting":false,"audioPlay":false,"sceneViewState":{"showFog":true,"showMaterialUpdate":false,"showSkybox":true,"showFlares":true,"showImageEffects":true,"showParticleSystems":true},"in2DMode":false,"pivot":{"x":-0.5060992240905762,"y":0.023810721933841707,"z":1.0718622207641602},"rotation":{"x":-0.06479798257350922,"y":0.5067630410194397,"z":-0.03823656588792801,"w":-0.8587960004806519},"size":0.6137995719909668,"orthographic":false}