{"cameraMode":{"drawMode":0,"name":"Shaded","section":"Shading Mode"},"sceneLighting":false,"audioPlay":false,"sceneViewState":{"showFog":true,"showMaterialUpdate":false,"showSkybox":true,"showFlares":true,"showImageEffects":true,"showParticleSystems":true},"in2DMode":false,"pivot":{"x":-0.4965858459472656,"y":0.023810721933841707,"z":1.1641650199890137},"rotation":{"x":-0.10268677026033402,"y":0.6425615549087524,"z":-0.08747942000627518,"w":-0.7542662024497986},"size":1.8137998580932618,"orthographic":false}