{"cameraMode":{"drawMode":0,"name":"Shaded","section":"Shading Mode"},"sceneLighting":false,"audioPlay":false,"sceneViewState":{"showFog":true,"showMaterialUpdate":false,"showSkybox":true,"showFlares":true,"showImageEffects":true,"showParticleSystems":true},"in2DMode":false,"pivot":{"x":0.09930593520402909,"y":0.4318505525588989,"z":-3.128161907196045},"rotation":{"x":-0.025303371250629426,"y":0.974688708782196,"z":-0.159604012966156,"w":-0.15449337661266328},"size":5.6414594650268559,"orthographic":false}